Gene,Copy_number,values,linear_reg_values
WEE1,Deep Deletion,397.8989328661648,0.9430722776565772
WEE1,Shallow Deletion,448.94946643308236,1.0640686890310458
WEE1,Diploid,500,1.1850651004055144
WEE1,Gain,551.0505335669176,1.306061511779983
WEE1,Amplification,602.1010671338352,1.4270579231544516
C-TAK1,Deep Deletion,420.4542425582017,1.0304998193388912
C-TAK1,Shallow Deletion,460.2271212791009,1.1279799733910905
C-TAK1,Diploid,500,1.2254601274432895
C-TAK1,Gain,539.7728787208991,1.3229402814954887
C-TAK1,Amplification,579.5457574417983,1.4204204355476877
FOXM1,Shallow Deletion,411.2811383695668,1.0599375445598584
FOXM1,Diploid,500,1.2885802990647064
FOXM1,Gain,588.7188616304334,1.5172230535695546
FOXM1,Amplification,677.4377232608667,1.7458658080744027
FCP1,Deep Deletion,397.12573742067394,0.7530843287635117
FCP1,Shallow Deletion,448.56286871033694,0.8506264768559257
FCP1,Diploid,500,0.9481686249483399
FCP1,Gain,551.4371312896632,1.045710773040754
FCP1,Amplification,602.8742625793262,1.1432529211331681
CHK1,Deep Deletion,384.66113771278833,0.6436911826310333
CHK1,Shallow Deletion,442.3305688563942,0.7401950939832731
CHK1,Diploid,500,0.8366990053355128
CHK1,Gain,557.6694311436061,0.9332029166877527
CDK1,Deep Deletion,395.87327104545284,1.0706618631228402
CDK1,Shallow Deletion,447.9366355227265,1.2114702048036836
CDK1,Diploid,500,1.3522785464845268
CDK1,Gain,552.0633644772736,1.49308688816537
CDK1,Amplification,604.126728954547,1.6338952298462133
